loc,xmin,ymin,xmax,ymax,confidence,class,name
Je1sunhwan,299.88507080078125,188.53201293945312,318.81719970703125,199.64295959472656,0.7594893574714661,2,car
Je1sunhwan,332.58343505859375,187.51651000976562,351.8446350097656,202.65380859375,0.6575139164924622,2,car
Je1sunhwan,287.5448913574219,167.34185791015625,298.9884338378906,174.58395385742188,0.4142785966396332,2,car
Je1sunhwan,237.53643798828125,150.44349670410156,252.7288055419922,161.11378479003906,0.389897882938385,2,car
Je1sunhwan,192.46365356445312,82.07859802246094,204.75633239746094,99.62447357177734,0.38728609681129456,9,traffic light
Je1sunhwan,260.2804260253906,165.14341735839844,273.5547180175781,175.60513305664062,0.3846342861652374,2,car
Je1sunhwan,271.3465270996094,157.09825134277344,280.1650390625,163.74911499023438,0.3693791925907135,2,car
