loc,xmin,ymin,xmax,ymax,confidence,class,name
Je1sunhwan,0.2268075942993164,58.51942825317383,419.9794006347656,248.43099975585938,0.5136308670043945,6,train
