loc,xmin,ymin,xmax,ymax,confidence,class,name
Je1sunhwan,321.8540954589844,121.45479583740234,354.6516418457031,145.53318786621094,0.7520874738693237,5,bus
Je1sunhwan,300.8807067871094,131.42123413085938,315.7569885253906,142.45960998535156,0.5260993242263794,2,car
Je1sunhwan,277.0303955078125,127.2488021850586,291.66754150390625,138.07713317871094,0.37297388911247253,2,car
Je1sunhwan,258.0833740234375,106.54859924316406,265.43994140625,114.35237884521484,0.3069421947002411,2,car
