loc,xmin,ymin,xmax,ymax,confidence,class,name
Je1sunhwan,300.29351806640625,188.3468780517578,318.6628112792969,200.26141357421875,0.7647268772125244,2,car
Je1sunhwan,289.0221862792969,167.96939086914062,298.6001892089844,175.0267791748047,0.5491466522216797,2,car
Je1sunhwan,332.4120788574219,187.7193603515625,350.9590759277344,202.89337158203125,0.5195704102516174,2,car
Je1sunhwan,261.4755859375,165.78103637695312,273.010009765625,177.52420043945312,0.3494028151035309,2,car
Je1sunhwan,272.88116455078125,157.2203826904297,280.01287841796875,163.5016632080078,0.30318644642829895,2,car
Je1sunhwan,169.39364624023438,218.75775146484375,186.27822875976562,234.27352905273438,0.28344473242759705,2,car
