loc,xmin,ymin,xmax,ymax,confidence,class,name
Je1sunhwan,301.8538513183594,133.02760314941406,315.9844665527344,142.51739501953125,0.5063736438751221,2,car
Je1sunhwan,321.6682434082031,121.4968032836914,354.31170654296875,145.7208709716797,0.38191622495651245,2,car
Je1sunhwan,321.626953125,121.52842712402344,354.2911682128906,145.8444366455078,0.3520384132862091,7,truck
Je1sunhwan,321.59912109375,121.1815414428711,354.34307861328125,145.8972625732422,0.34162431955337524,5,bus
Je1sunhwan,257.2205505371094,110.4763412475586,264.326904296875,116.69329833984375,0.25900036096572876,2,car
