loc,xmin,ymin,xmax,ymax,confidence,class,name
SincheonIntersection,191.96994018554688,75.12040710449219,203.94273376464844,88.03618621826172,0.2817596197128296,2,car
