name,time,xmin,ymin,xmax,ymax,confidence,class
SincheonIntersection,2023-08-05 20:55:49.485729,191.96994018554688,75.12040710449219,203.94273376464844,88.03618621826172,0.2817596197128296,2
